id,floor,x,y,left,right,up,down
0,7,0.3833333333,0.5652173913,null,null,1,null
1,7,0.3833333333,0.5326086957,null,2,null,0
2,7,0.5216666667,0.5326086957,1,3,null,null
3,7,0.6583333333,0.5326086957,2,null,null,4
4,7,0.6666666667,0.5565217391,null,null,3,null