id,floor,x,y,left,right,up,down
0,3,0.08333333333,0.4239130435,null,2,null,1
1,3,0.075,0.5652173913,null,4,0,null
2,3,0.3833333333,0.4239130435,0,5,null,3
3,3,0.3833333333,0.5,null,6,2,4
4,3,0.3833333333,0.5543478261,1,null,3,null
5,3,0.5666666667,0.4239130435,2,7,null,null
6,3,0.525,0.5,3,8,null,null
7,3,0.6166666667,0.4239130435,5,null,null,8
8,3,0.6166666667,0.5,6,9,7,null
9,3,0.6666666667,0.5,8,null,null,10
10,3,0.6666666667,0.5434782609,null,null,9,null