id,floor,x,y,left,right,up,down
0,1,0.06598240469,0.4664179104,null,2,null,1
1,1,0.06598240469,0.5876865672,null,3,0,null
2,1,0.2272727273,0.4757462687,0,null,null,3
3,1,0.2272727273,0.578358209,1,4,2,null
4,1,0.3739002933,0.5876865672,3,null,5,null
5,1,0.3739002933,0.5317164179,null,6,null,4
6,1,0.5425219941,0.5223880597,5,7,null,null
7,1,0.6598240469,0.5223880597,6,null,null,7
8,1,0.6598240469,0.578358209,null,null,7,null