id,floor,x,y,left,right,up,down
0,9,0.4016666667,0.5543478261,null,null,1,null
1,9,0.405,0.5086956522,null,2,null,0
2,9,0.3633333333,0.5152173913,1,3,null,null
3,9,0.5683333333,0.5152173913,2,4,null,null
4,9,0.6866666667,0.5195652174,3,null,null,5
5,9,0.6883333333,0.5608695652,null,null,4,null