id,floor,x,y,left,right,up,down
0,8,0.4133333333,0.5760869565,null,null,1,null
1,8,0.4133333333,0.552173913,null,2,null,0
2,8,0.55,0.552173913,1,3,null,null
3,8,0.7,0.552173913,2,null,null,4
4,8,0.7,0.5673913043,null,null,3,null